l_0(t)	l_1(t)	l_2(t)	l_3(t)	l_4(t)	l_5(t)	l_6(t)	l_7(t)	l_8(t)	l_9(t)	l_10(t)	l_11(t)	l_12(t)	l_13(t)	l_14(t)	l_15(t)	l_16(t)	l_17(t)	l_18(t)	l_19(t)	l_20(t)	l_21(t)	l_22(t)	l_23(t)	l_24(t)	l_25(t)	t
2	2	2	2	2	2	1.9999999999999998	1.9999999999999998	1.9999999999999998	1.9999999999999998	1.9999999999999996	1.9999999999999996	1.9999999999999998	2	2	2	2	2	2	2	2	2	2	2	1.9999999999999998	1.9999999999999996	0
1.8078478045905648	1.0774042471802356	0.4945250448022963	0.03933621024699718	-0.3060287702398809	-0.5575911570342413	-0.729678253299963	-0.8350644077730369	-0.8851023228474292	-0.8898452362312916	-0.8581605153987356	-0.7978351763352097	-0.7156738116099672	-0.6175893875555873	-0.5086873462423042	-0.39334342495617436	-0.27527558397880714	-0.1576104125781525	-0.04294436321203138	0.06659985502237004	0.16932141072843784	0.2638937165816734	0.3493207483565173	0.42489705282351303	0.49017119556695105	0.5449124138844181	0.10101010101010101
1.6341568422814627	0.3136260606398767	-0.4733569304394524	-0.8705087075389506	-0.9925121954062105	-0.929708974321237	-0.7521596268755117	-0.5131450777661297	-0.2521745111574276	0.0024412572451383285	0.23139817549470923	0.42254188075412014	0.569302945204599	0.6693867905432165	0.7236847455990196	0.7353764533831417	0.7091972045124155	0.6508468143922589	0.5665194004059491	0.4625358790045243	0.34506321532955364	0.2199064422161307	0.09236124172021853	-0.03288353035607228	-0.1518025806882391	-0.26105811892426706	0.20202020202020202
1.4771534298375961	-0.3133355760261568	-1.0186797298512715	-1.077321396097804	-0.7948416166621568	-0.3761689163470555	0.048718721056348224	0.4044719823707206	0.6544724523282629	0.7885506542665144	0.8136391385240905	0.7467896461385164	0.6100776471953244	0.4269982591549586	0.22002642401315065	0.009072798162562179	-0.189383559266498	-0.3626627292342054	-0.5018935460397873	-0.6017776980986775	-0.6601962669122792	-0.677726432482966	-0.6571194730355382	-0.6027776660786816	-0.5202567846097402	-0.41581216702453894	0.30303030303030304
1.3352342925876606	-0.8227201196752252	-1.236872986675173	-0.8466460162979408	-0.2118965900107982	0.3643947780931133	0.7464841092657364	0.9016408267751452	0.8552532926211012	0.6604390907474997	0.3783686782333797	0.06634967280976212	-0.22860373169855563	-0.47244836843834787	-0.6443360369332808	-0.7353411161418008	-0.7463814974814245	-0.685815201845617	-0.5670365779116309	-0.4062766840699381	-0.22072434580356726	-0.027020870528923158	0.15986290558706068	0.3273880700520071	0.4658866846472771	0.5687274275704275	0.40404040404040403
1.206950192234319	-1.231333024400669	-1.2067039010003155	-0.37768926587124785	0.43482386495598124	0.9091479595345398	0.9983076142643015	0.7866183098726972	0.40274918118845326	-0.028871678694388336	-0.4114977902264431	-0.6837661946079359	-0.8182334113165708	-0.8152033966985011	-0.6947558439184461	-0.48876831736164794	-0.23394183983060324	0.03369542004776599	0.2826821901744451	0.48850780757521767	0.6346979211185559	0.7128685996140339	0.7220252206743148	0.6673647360605376	0.5588062888056226	0.40943411569903565	0.5050505050505051
1.090991127640487	-1.5538358484576633	-0.9928119444368435	0.18347626990983912	0.9544946913305546	1.1085241235795855	0.7889934490074808	0.2418655291552072	-0.31016398530801925	-0.7173110324246867	-0.9098497912115815	-0.8843671661502833	-0.6823480596117127	-0.3686244909445542	-0.013478667927724342	0.3201691374621612	0.5844534796421241	0.7498471593206455	0.8050627848324282	0.7546529902030898	0.6152905955836317	0.41153528808647044	0.171693344364087	-0.07581748395156168	-0.3053570293751128	-0.49610461437565023	0.6060606060606061
0.9861729574663196	-1.8030030838525641	-0.6478897738114102	0.7329909401796446	1.2503750533236921	0.9569994853932052	0.26140897691561493	-0.44043124757509333	-0.8988334271849856	-1.023840348216679	-0.8467755695687685	-0.468087515996054	-0.010633143252298805	0.4139457805474097	0.7245722281498269	0.8778705665302973	0.8664086182137034	0.7114768658469051	0.4533603329229683	0.14134302569867985	-0.17506131878844988	-0.45282150773686297	-0.6597422656144705	-0.7765387418047984	-0.7969573986145767	-0.7263984721369814	0.7070707070707071
0.8914253080510353	-1.9899494250432201	-0.21455691273261837	1.200210526701513	1.2914190139930606	0.5295290675075524	-0.39064740574622425	-0.9989845706437013	-1.1276494603759832	-0.837026301394673	-0.304911502305135	0.26842672711294197	0.7216832752275415	0.9606344260335486	0.9607261394221457	0.7537865772278756	0.4075006210590554	0.004103619686322779	-0.37761933856840907	-0.6750101537029339	-0.8484388779873291	-0.8830172488998626	-0.7862876407635913	-0.5832621108711239	-0.3101421584115668	-0.007847815892128795	0.8080808080808081
0.805780643058266	-2.1243307862445193	0.2730331104577594	1.5403264834619943	1.090499710067903	-0.06245240687857234	-0.9853958941045308	-1.2645963407633882	-0.9340802130610755	-0.2628819528565651	0.43678991872988154	0.928461894972145	1.0978091171420548	0.9470501565878302	0.5610726395568735	0.06480934740510214	-0.41516688612470676	-0.7781034725218089	-0.9636842945187065	-0.9550605192777376	-0.7732205656574104	-0.466148650407331	-0.09598518578310955	0.2732597386057678	0.5857164671139317	0.8004798039924699	0.9090909090909091
0.7283643832672299	-2.2145220137720827	0.7878166337124688	1.7283432287190466	0.6879369338436296	-0.7002967354656977	-1.3855778333139097	-1.1732053063244061	-0.3948514127215166	0.4742808530720808	1.0648712647824474	1.210634351724857	0.9366295209086457	0.392597238567451	-0.22587927138932973	-0.7422811126313271	-1.0389631133837482	-1.071262010495059	-0.8613036713482084	-0.4792370956443428	-0.019458273848025454	0.4221700939710792	0.766190910824838	0.9606577420841931	0.9852948961009752	0.8497069847892519	1.0101010101010102
0.6583859756158111	-2.2677739160100163	1.3086437293104398	1.7541907086937958	0.13925015579376177	-1.276480202787387	-1.510714610651391	-0.7523030804704474	0.32925316425479345	1.1280423377118995	1.3456004437291174	0.999703593147147	0.3123708900591755	-0.4288835333243111	-0.9810377095377674	-1.205703767473951	-1.0814104836019145	-0.6817068743100856	-0.13588633607518918	0.41299308285499076	0.8426522902042193	1.073512426260793	1.0770077225449382	0.8722336151172243	0.5144670186254385	0.07955028268213515	1.1111111111111112
0.5951308202951306	-2.2903519447721696	1.8192750236570157	1.6187838734671542	-0.4937467600445199	-1.7049865298409916	-1.3365861118705835	-0.09504039473883408	1.0489123469871036	1.5006886038817533	1.179680639265482	0.3678857891116345	-0.5249002130694467	-1.1532433896955463	-1.3373132607373412	-1.0768489348854924	-0.5063457703431744	0.1750107254380231	0.7713731464197875	1.1395064393001735	1.2129890822516498	1.002917352363786	0.5813657198699906	0.0555883807794848	-0.45951154509729747	-0.8648900833746841	1.2121212121212122
0.537952973457367	-2.2876586042985	2.3075279009408396	1.3308693809009493	-1.1492307668776898	-1.9260381602997958	-0.8872836424345578	0.6688601925985178	1.5913354167483815	1.4825878980250746	0.6059820938275946	-0.4802901145708025	-1.2658116426592176	-1.4794693902786769	-1.1227979892983966	-0.39673636223184117	0.41418814821916394	1.0494386458308256	1.3431639497861552	1.2501141027683966	0.8334039534350788	0.22808593926181753	-0.4041733995271427	-0.9166418545680919	-1.2071456036223147	-1.2324066920543268	1.3131313131313131
0.4862685510189337	-2.2643414345427115	2.764551569362923	0.9045244176123463	-1.7696213852483489	-1.9069421169529144	-0.22358551207097488	1.399966739097305	1.8306994867805462	1.062965057563959	-0.2292690926055323	-1.2861296222737586	-1.6486620535325074	-1.2659408245948147	-0.39906558403499726	0.5605073523121445	1.2619478151787509	1.502227623069781	1.2570780426890436	0.6505813621232073	-0.10959329390372896	-0.8040490776205378	-1.2602043075928724	-1.3865950316278908	-1.180912565683496	-0.7162610198787931	1.4141414141414141
0.4395497662005072	-2.2243882107722635	3.184213136414877	0.35719355693382515	-2.304273486667608	-1.6403883498304417	0.5698071933221884	1.9709209547065307	1.7037735605340947	0.3189869471726734	-1.1206464273814989	-1.8119679924684882	-1.5305440774000019	-0.5572277933740788	0.5877900519114988	1.4189824441127858	1.6607319617587706	1.2961996141033796	0.5154882170405004	-0.3885631597752097	-1.1296655556970405	-1.509455555940908	-1.4561543975122833	-1.0214672822005069	-0.34694584664275463	0.3847028155272947	1.5151515151515151
0.3973195399169415	-2.1712108191420745	3.5625791743129005	-0.291832451465454	-2.7109927643904053	-1.1411990567306505	1.3965371075777586	2.2820082948063725	1.2127484767171695	-0.6088147118637925	-1.8546443941191564	-1.8972513483859608	-0.9142194546397782	0.4478181061527027	1.5057825742639532	1.8442592781516725	1.4164259241467438	0.4751302472615848	-0.584512840530299	-1.3895079306449962	-1.7051193896818386	-1.4807972537975536	-0.8315429090161657	0.023206069773561433	0.8360897145753835	1.4002570368868519	1.6161616161616161
0.359146628979888	-2.1077191054274236	3.89747929853381	-1.0225767250980635	-2.9566789118454957	-0.4422603379001342	2.159379769633612	2.2704850806353276	0.4182958453981638	-1.5473327170918307	-2.2535840317950027	-1.4884340409185455	0.06491906336518571	1.464482796699099	2.0455724237159525	1.6512296458833005	0.5726720800486209	-0.6738235816954044	-1.5939426407090518	-1.889408439475753	-1.521213201413457	-0.6729921584483314	0.34679030990307425	1.218669451464458	1.7054428430214617	1.704179184469885	1.7171717171717171
0.32464122236369636	-2.036385849372277	4.1881400670225615	-1.8152428178598161	-3.017338494503752	0.4098409561865568	2.7690469151720483	1.9142915915263155	-0.5738843998694421	-2.321851422629758	-2.2064025266560363	-0.6426704548412241	1.180247856347338	2.202663161026381	2.0078081979549047	0.8524608031100582	-0.6181595627888301	-1.737819559447108	-2.0931269060093776	-1.6285369640887042	-0.5949812595954449	0.5954116224658218	1.5348654487422138	1.948140508265968	1.7538501650774543	1.0571204785030397	1.8181818181818181
0.29345096056490294	-1.95930388821617	4.434879066404855	-2.6508443862979294	-2.87765785060677	1.3591135324131178	3.150823212481931	1.2311261107136882	-1.6299924949274676	-2.782867511227041	-1.6841122900051915	0.49007780128367573	2.1695675996321464	2.43869153492162	1.3513588784837571	-0.3550894780620564	-1.7845135981020628	-2.3240129870419333	-1.8423786444122665	-0.6416980658267333	0.7452568323286732	1.7937298990809163	2.1686338396118696	1.803407253916391	0.8765510045034861	-0.28239413166932636	1.9191919191919191
0.26525733740612606	-1.8782362981989331	4.638850412075035	-3.511645079594267	-2.5302842143174207	2.3441527030635245	3.249075449953673	0.2739870685536867	-2.605969879871995	-2.8261157825157026	-0.7405171696298254	1.699479490113865	2.791712461805605	2.064597311009414	0.1977321970972712	-1.6511976382966997	-2.550631157818598	-2.1847355955297134	-0.8583659503243464	0.7632626876423954	1.995420929006802	2.401066227080916	1.9063387674993504	0.7633491228053977	-0.5890358600281245	-1.6969300140442654	2.0202020202020203
0.2397724475406019	-1.7946604406826867	4.8018340756776725	-4.381447773917929	-1.974929034622054	3.3016806822338896	3.029812057262888	-0.8757176560612114	-3.364264701821544	-2.404609158288532	0.4993552682269029	2.7541453113303755	2.8736607115173842	1.1083998706064002	-1.2025284075767257	-2.6791767114133336	-2.642758967480355	-1.2894593601878204	0.5964828966197582	2.116793087194191	2.6630543373090334	2.1073215965143244	0.7641083232433266	-0.8025888663520302	-2.0202634677716103	-2.5035659081937394	2.121212121212121
0.2167360464437917	-1.7098065886121347	4.926062487691612	-5.245765499044001	-1.2173798245534857	4.169559514245124	2.4815504236215595	-2.116489652305381	-3.7881195495132527	-1.5326601499812351	1.8596178873586786	3.4407854870748196	2.341459129722156	-0.2743013572168196	-2.529062217490745	-3.1348021507889303	-1.9611265878176845	0.1689349029880285	2.0972350008536567	2.942883046385465	2.4383006690249207	0.9256610846498332	-0.8922266336273295	-2.2862538680654545	-2.7754359425258968	-2.258229065554269	2.2222222222222223
0.19591289286952385	-1.6246917681401927	5.01407876342049	-6.091900688087373	-0.2684846882324554	4.889249956447153	1.6147864702266574	-3.3356245881045097	-3.79251883351783	-0.282690455887018	3.138857325815114	3.5976117465085995	1.2321073335012716	-1.8321956886229518	-3.4614438530823746	-2.8376119413685537	-0.6046615783924842	1.8274727217116034	3.1810120724975204	2.9074746011539716	1.2966662089020171	-0.811238326378755	-2.4806571824762162	-3.0752068797542798	-2.4542470023671643	-0.9458397656602644	2.323232323232323
0.17709034663257756	-1.5401493782893867	5.068621684289082	-6.908954566643517	0.8568440127776809	5.407724790927622	0.46036820152308267	-4.417962660769061	-3.331395909797037	1.223824000612613	4.136783495144825	3.1381771996883128	-0.3131126719050559	-3.2653614694373547	-3.7450131229468853	-1.7716694150244612	1.1520793505615754	3.246685332824897	3.4758682445180886	1.919021053608946	-0.49041822798937984	-2.5586665582899477	-3.4051166881047004	-2.7791423192667644	-1.0563644302347464	1.0072436979937103	2.4242424242424243
0.16007619718694377	-1.4568550875296598	5.092533247534562	-7.687784453448083	2.1405743754818083	5.678868760884695	-0.9329377039474022	-5.253969935062646	-2.4010727142295885	2.8296425642545517	4.679061502511943	2.063692582734969	-2.0708438956927195	-4.278291790548488	-3.2412742221003543	-0.0907149143768069	2.9202039532660438	4.018891732874025	2.801270969802312	0.15848991206913654	-2.432197502913308	-3.7296306817261664	-3.2556788438132944	-1.3725229602878088	1.0098292733297582	2.8888755899946394	2.525252525252525
0.14469670082581132	-1.3753494492635197	5.08868518899515	-8.420923357064579	3.562426524671337	5.664412317619281	-2.501422434594221	-5.746770935080267	-1.040186008758742	4.3575790987112235	4.637908844262807	0.46352982687322797	-3.7687679592256003	-4.630035319202899	-1.9555868057250985	1.9101343509310191	4.28011932104849	3.8658187261439414	1.2183892219834176	-1.9633461141552364	-3.954742179082187	-3.8729876539787176	-1.9455887477216107	0.7866409911709904	3.060706851709973	3.9576948754927006	2.6262626262626263
0.13079480645972041	-1.2960576276463203	5.0599213970078605	-9.10247342416036	5.100657980400818	5.334454783175249	-4.1697232445283285	-5.817891562515818	0.6734496535848797	5.627228124157363	3.9468344304100214	-1.4950121643123766	-5.124269575251202	-4.174266982340578	-0.039446146840004026	3.8484080730865955	4.869356808981468	2.7055287899425458	-0.9778009795189893	-3.905854457084086	-4.557039193270517	-2.8099220450824363	0.25113046169995634	3.0599804665906456	4.360894842524233	3.7068367121371755	2.727272727272727
0.11822855185502666	-1.2193065802422447	5.009013580331918	-9.727982440469644	6.7327562341463585	4.667636098598916	-5.854227365250865	-5.411589917120708	2.628471268143676	6.471165587345107	2.6086758707612234	-3.585614115162206	-5.883336325338085	-2.8843909495108035	2.2311650116304746	5.322919724839687	4.4577591549503115	0.6769483431564192	-3.319284395667548	-5.1287943464579016	-3.9466926037325503	-0.6947170545374322	2.766688027123989	4.71673180291657	4.362148494083719	2.047766168766298	2.8282828282828283
0.10686961395551584	-1.1453400041091142	4.938627938204897	-10.294310633308594	8.43603678815217	3.6510163934894315	-7.466431606183627	-4.497749713878849	4.687460159185136	6.749449423844976	0.6967939724831016	-5.547843222125396	-5.855008009383976	-0.8613036398251426	4.4965677496549326	5.984777282462786	2.997182275242351	-1.8804659307697076	-5.263036890941107	-5.221898484526301	-2.1235229367905646	2.0121529608495567	4.888173510256502	5.148907583471603	2.8850013073283893	-0.6405109466583605	2.9292929292929295
0.09660199848346027	-1.0743313164675732	4.851300913739172	-10.799493412543894	10.188148456513183	2.279720238999613	-8.916132041250814	-3.073387171074446	6.695661819230551	6.36153456585782	-1.6501309510962079	-7.1151371223258115	-4.937718918351118	1.6761393010298278	6.3663762181347945	5.599384235202626	0.6383714972623347	-4.485983804943383	-6.304788186357616	-4.005672601057788	0.6061675692544952	4.648516032031275	5.945955524995185	4.053411206014584	0.19254552354979726	-3.607240936973875	3.0303030303030303
0.08732085543869235	-1.0063949096519997	4.749422399562653	-11.242604362165256	11.96749023594517	0.5563984546920739	-10.114349887965258	-1.162878970882335	8.4903271773911	5.255011318207706	-4.2388073334185155	-8.042994084264246	-3.1351209421626756	4.415852842684553	7.476780502258535	4.0904087267494145	-2.2864024524174527	-6.603532498051841	-6.085771313550379	-1.583375322277612	3.6855096571205257	6.505307773704875	5.4932685840743956	1.5337277850987983	-3.0612624728094278	-5.938729699680642	3.1313131313131315
0.07893140839990503	-0.9415958921241196	4.635225012759692	-11.623621711702972	13.753545747424281	-1.5094446422498358	-10.975927976944952	1.1829417339939212	9.910127706428796	3.430854783802042	-6.836343496326293	-8.134788511963938	-0.5602744772127215	6.988811773072228	7.544363673926685	1.5599929210365326	-5.3109550000295265	-7.738500518110836	-4.472663505624291	1.6648861187511033	6.419268245745398	6.995032198075651	3.433678682629262	-1.9030523979186915	-5.992206270423644	-6.818794381506272	3.2323232323232323
0.07134798669450479	-0.8799585025655591	4.510778269908136	-11.94330063692334	15.527142306030854	-3.9022161556880697	-11.421756750035907	3.8886498834486276	10.80417254866655	0.9451222530579617	-9.18818601706705	-7.263089272250938	2.57168193522043	9.012309782916637	6.409740610142508	-1.7168711601289068	-7.90484372798427	-7.528940475782046	-1.5969277925673184	5.143524779297383	8.11793820303726	5.796466414194439	0.0675061223023885	-5.451502923450812	-7.711940523713845	-5.768925673985639	3.3333333333333335
0.06449315055380866	-0.821473362104573	4.37798667682997	-12.203053029499051	17.270642241559003	-6.60105497294858	-11.380609447647545	6.856870337099173	11.040241337572155	-2.092753484788708	-11.037555148840108	-5.384918459205893	5.961218291241643	10.135230399588991	4.0659953635154045	-5.322363865022604	-9.554244293020206	-5.816589129289205	2.1525662334451354	8.14594463796784	8.244459825478419	2.9450825809475365	-3.9524002480094675	-8.189314285855529	-7.5622039472242	-2.804785146087654	3.4343434343434343
0.05829690031991588	-0.7661037102647531	4.238590905506823	-12.404835807579978	18.968074285412925	-9.58067642721921	-10.790583169047514	9.971511826653073	10.511935153302321	-5.524758381958112	-12.144992932640626	-2.549990269168462	9.250467876754968	10.080529453988907	0.6689479347361011	-8.74585280217631	-9.842308087067785	-2.686962780694163	6.1818329789010305	9.982804734954827	6.535179100712623	-1.1490678914938393	-7.745419796317467	-9.292748181851682	-5.300079528345389	1.5309071627311752	3.5353535353535355
0.05269596162889747	-0.7137907529732475	4.094171365894752	-12.551048389501137	20.60521275577426	-12.812215435712355	-9.600156054163676	13.10141391789348	9.144535065455347	-9.15173715158921	-12.30676447189046	1.098436439426365	12.055099166404526	8.680718840085596	-3.4715629850916923	-11.447328581834915	-8.517946481659035	1.5272015755409676	9.780183568519984	10.111576217547006	3.0725256213612173	-5.759488363827822	-10.382120976911363	-8.238001356596733	-1.190491958888101	6.267766929901626	3.6363636363636362
0.04763313927079546	-0.6644582356865508	3.9461535961079846	-12.644439601011541	22.169611989777806	-16.264047232279918	-7.768881257775364	16.104239738419793	6.899439280720235	-12.742953646287617	-11.371035162912186	5.329911889109589	13.999155781171474	5.903049477858139	-7.918164114922748	-12.92645983849759	-5.543984199944692	6.279508389114093	12.23083589276004	8.245524085323687	-1.7038431652151171	-9.966497937484698	-11.08111792098842	-4.944792844575705	4.015941839331617	10.216795046100508	3.7373737373737375
0.043056733128232105	-0.6180163411638163	3.7958149932507697	-12.688024015257923	23.650603049552586	-19.90256930934634	-5.267746022222658	18.830463193260613	3.7771234616618456	-16.047200589014057	-9.250966077752304	9.839704816951677	14.749965155812019	1.8621968929773782	-12.147252624767065	-12.789187333149462	-1.1185486308519117	10.875798144747746	12.927017248741938	4.424202908087981	-7.0498285035604145	-12.823201697236218	-9.384990627379903	0.1686367172685408	9.216314180869688	12.241964321715912	3.8383838383838382
0.03892001022935812	-0.5743649994453759	3.6442924913474917	-12.68500751984813	25.039259216611423	-23.692932198087238	-2.0792293719251944	21.127317956997686	-0.18136728791750922	-18.804875419030324	-5.934107834317407	14.267240311138004	14.050382773280813	-3.180560413426578	-15.600870396360886	-10.8043665701144	4.333019813316469	14.563625352580168	11.476562261982941	-0.966065891200282	-12.025419813354425	-13.534734799901948	-5.28114415214495	6.231769905018364	13.173413110545392	11.53414838484091	3.9393939393939394
0.035180727523893694	-0.5333966870036811	3.492590864348137	-12.638721754471256	26.328336223722307	-27.599710238077776	1.8029048836956285	22.842595458616834	-4.894332780482334	-20.760454796862586	-1.487714434857196	18.218764953716587	11.74598054985321	-8.831514983600425	-17.744078315342232	-6.944271900020057	10.194962674970803	16.633826184675044	7.780002049631365	-7.225589597395759	-15.642041381347681	-11.619582661803918	0.7560022494990015	12.062291374496523	14.77472998494472	7.827330454647086	4.040404040404041
0.031800700508985064	-0.4949987826701614	3.3415913928062486	-12.55256695553691	27.512192583914135	-31.587506527190037	6.37404169603402	23.82819936284397	-10.240633581556045	-21.674838540268613	3.9401701343047435	21.292768451630586	7.805259450699344	-14.590844816785694	-18.122447048188803	-1.4045935355255548	15.722645015337346	16.521461438042984	2.0709627180783947	-13.424607498096758	-17.02602733635271	-7.025126157001264	7.810998934529371	16.37623485755333	13.281124180086202	1.5093962507919496	4.141414141414141
0.028745413299805345	-0.45905553966658835	3.19206068405157	-12.429962672549246	28.58669478445149	-35.62148882141964	11.61933665851097	23.943383915048273	-16.062070918917314	-21.337088971352397	10.123788187387367	23.10662035666339	2.331521057965661	-19.88897105099721	-16.414441453998585	5.398325996612671	20.122298212426074	13.893724827383073	-5.087277819660098	-18.525619116843494	-15.573336219724755	-0.17712410551951763	14.655884839707976	18.03067928502905	8.515892144097768	-6.398787875674744	4.242424242424242
0.025983666163050756	-0.42544972576065937	3.0446594788246273	-12.27430577730491	29.54911153555866	-39.667855303364405	17.51448903421112	23.057622364191978	-22.16677039936038	-19.57515870669328	16.766658458638872	23.32289945480046	-4.4343737922002315	-24.130191736918512	-12.474050255931921	12.853073335213075	22.640631666200342	8.714075475124433	-12.84967530309935	-21.528655827003604	-11.072026707315572	8.046785988001927	19.94189144906794	16.25611472610128	0.9560175345653867	-14.396459672118148	4.343434343434343
0.02348725691404272	-0.3940639771133835	2.8999513135474237	-12.088935165552328	30.398000710910985	-43.69423089337965	24.026630601947492	21.05306908505966	-28.33339520901644	-16.265274168656546	23.51207773416789	21.67398918656523	-12.120538925130141	-26.740391985320546	-6.359916512233166	20.199539425295104	22.65509667195552	1.2746050118654288	-20.176950703518845	-21.6204589686021	-3.7736060705626606	16.41798383915758	22.424716559722793	10.83717273902842	-8.295092118046963	-20.763334208005933	4.444444444444445
0.021230692923953347	-0.36478190569338026	2.7584109376650465	-11.87710254655083	31.133092097336494	-47.66999617786818	31.115297465122417	17.826594704250926	-34.31600817571828	-11.339719471613567	29.9566121286508	17.98367039558402	-20.239511640915104	-27.215439617382682	1.6516397517190917	26.592259585039425	19.75561387759607	-7.807874999565669	-25.953316515303605	-18.308025209348536	5.598660812534721	23.519607835510357	21.188273931400026	2.2086787097608713	-17.653341491098523	-23.882087072215526	4.545454545454546
0.019190930796252764	-0.33748899511389957	2.6204324106662527	-11.641948724961475	31.75516858980539	-51.566552114425384	38.73345485855184	13.291387329277804	-39.84940242281571	-4.792842406740695	35.665970727325686	12.184647370527209	-28.211743452135757	-25.166913883677182	11.071049464499009	31.175484606515187	13.809445787011454	-17.632732310549443	-29.121485557902986	-11.518840613853289	15.908049219100008	27.949622718909296	15.831682178647776	-8.552669909802592	-25.29772759977091	-22.565783473623938	4.646464646464646
0.017347141054027505	-0.3120733153254847	2.486336824221685	-11.38648479835888	32.26594802741957	-55.35752448276331	46.82854813517355	7.3781248176096526	-44.654726212918035	3.314821782713813	40.192601896457255	4.331179258501671	-35.39584621179864	-20.362058628687006	21.217418168857186	33.16382132302873	5.0024732148536835	-27.09035212517852	-28.820073254212517	-1.6540048512455066	25.724229384270906	28.536808770462923	6.5892201825028245	-19.84450045328216	-29.474938599541396	-16.331114950399623	4.747474747474747
0.01568049543522324	-0.2884260827024396	2.3563796120099614	-11.11357771966031	32.66796746781879	-59.018912621010216	55.34355638297843	0.035732909747075325	-48.44523786508084	12.854344455111647	43.09433081215927	-5.393757953560339	-41.12398808405933	-12.755267239955899	31.256750672797665	31.921865511386837	-6.147759644268344	-34.964508146682235	-24.50812884698116	10.414186569430932	33.491781056786365	24.54008190139144	-5.6378518886625635	-29.749781694769503	-28.81682012681835	-5.5663104989625225	4.848484848484849
0.01417397462373035	-0.26644208863396146	2.2307574237905485	-10.825939704726025	32.964471340964856	-62.529187354383694	64.21802840385624	-8.768247947029359	-50.93204028918362	23.628089263918206	43.95336247051825	-16.677096636627507	-44.74061562643543	-2.5089559000005917	40.254175147562755	27.036341034902684	-18.80943679698461	-40.053177714167994	-16.06271062317493	23.40242769557706	37.72826956135557	15.803189500742072	-19.346715397086175	-36.31506440419246	-22.619527559480254	8.44102579794096	4.94949494949495
0.012812194452916655	-0.24602001671711676	2.109614551608137	-10.526120999529482	33.159304607468215	-65.8693432199365	73.38908399438614	-19.04765803081534	-51.829660760403655	35.371209451687655	42.39500385128164	-29.080157991661636	-45.64256141223568	9.99767756276773	47.23695060410534	18.374816750289344	-31.88395993752343	-41.296902539097154	-3.8379672530445568	35.7302183853578	37.22886505966045	2.8419436050180025	-32.5916178799396	-37.85778439480937	-11.037705423740235	23.628928306660065	5.05050505050505
0.01158124880684639	-0.22706266600089742	1.9930489050893252	-10.216505557221648	33.25681176961119	-69.02291014671411	82.79236653799256	-30.798042389552982	-50.86135919776129	47.754831432241005	38.105507926746455	-42.04882305672679	-43.31857676487469	24.172821211088525	51.26436083911455	6.126029399821885	-44.080739642467414	-37.902969762700764	11.322195794850764	45.677307757669084	31.253195523535915	-13.150970465688196	-43.21905188974376	-33.25919922681699	4.8415376991892884	37.42764437791445	5.151515151515151
0.010468567614937172	-0.20947709540596504	1.8811175399745297	-9.899309212017672	33.261742342666864	-71.97592969186243	92.36293579968952	-43.99726674197333	-47.764066663776156	60.39076287896971	30.848506651019775	-54.929020896998196	-37.38639803002456	39.2292537713863	51.50017442357409	-9.181890746191456	-54.01429859027201	-29.453866598149503	28.12146985914183	51.569950592729356	19.671513737679394	-30.388925679045983	-49.152327026592545	-22.200130241192415	23.06351579501816	47.13394412972464	5.252525252525253
0.009462788489936024	-0.1931747024056637	1.7738417496213195	-9.576579973260346	33.179163187386315	-74.71690078360947	102.03609247499185	-58.60638667561933	-42.29287442695842	72.8375357706749	20.479575823463275	-66.98698165448131	-27.62560117130056	54.2140215926279	47.283190943857896	-26.687513487235684	-60.31691215341896	-15.989588161729184	44.89751238870839	51.977835045177265	3.0511060659056213	-46.65705566506012	-48.69117422738809	-5.302953264141522	41.009016455257665	50.34159228077129	5.353535353535354
0.00855364069841786	-0.1780712472670627	1.67121173348179	-9.25020009861381	33.014377928844354	-77.23669970232811	111.74812846197884	-74.57073091504276	-34.22501219254733	84.60757542150273	6.958557899960027	-77.43355634268546	-14.004710139015724	68.0494026739086	38.19149027462364	-45.2271532126464	-61.75874073744424	1.9446730198937061	59.75182881710434	45.90196246180608	-17.330278715879352	-59.54597640973108	-40.78891785164964	15.845661023653207	55.715319394012496	45.365912685691974	5.454545454545454
0.007731840278945615	-0.1640868325865125	1.5731908597197861	-8.921889639629985	32.772853539357605	-79.52847875904168	121.4369989887429	-91.82115973138748	-23.36327157986969	95.17527487547869	-9.640644149104848	-85.4517944762922	3.298714902104943	79.58343312813832	24.096333182251353	-63.38989814835627	-57.36671481475055	23.291333309362727	70.71364627921943	32.93402900011359	-39.54997297071873	-66.73053255064502	-25.27103381568071	38.80233581069163	64.27789298902843	31.598523001095373	5.555555555555555
0.006988995236868364	-0.15114584648621382	1.4797195413851691	-8.593211185565151	32.46015404110579	-81.58754782215739	131.04291463460572	-110.27546066438352	-9.538847272944707	103.9857494693849	-29.123001150823683	-90.22689512342373	23.885987486262888	87.64783097583464	5.20219691032905	-79.5941464525853	-46.53333953347971	46.51657057635856	75.92503332821863	13.369906251453564	-61.18301497816819	-66.26470352244635	-2.9643796442436283	60.499966341628685	64.28295927285049	9.735307730789039	5.656565656565657
0.0063175198476331925	-0.13917687664331307	1.390718747064516	-8.265575562069984	32.0818811846639	-83.41124251094635	140.50885293624322	-129.8398454750179	7.3864167523014	110.464048052851	-51.168133837765765	-90.97760575843118	47.13386411330153	91.12082295501946	-17.929869908006076	-92.18182742847715	-29.10707388111076	69.68944309331638	73.83232065515674	-11.736569976718783	-79.51217792199103	-56.860873482115835	24.284605613258186	77.58541925906229	54.21471082506983	-18.16441803162725	5.757575757575758
0.005710557193500492	-0.12811260128045046	1.3060931678191654	-7.94024827008905	31.643621880284325	-84.99878252923443	149.78099067802503	-150.41051449932849	27.518375084681765	114.02460443830063	-75.32896318067218	-86.98813431347622	72.20010999935312	88.99216830948677	-44.37756576906108	-99.52537644154971	-5.45695819928347	90.60039029631211	63.36784934830047	-40.58844967212156	-91.78875028731944	-38.121936699782495	53.71286522491204	86.8276439996985	33.781439113708686	-48.808751412721996	5.858585858585859
0.005161909142629365	-0.11788966233823225	1.2257340626194586	-7.6183564769101695	31.150902096998166	-86.35112326390681	158.80905914210683	-171.87525720161614	50.92951018426018	114.08072425245324	-101.03319241525344	-77.63966018479567	98.0380794070278	80.4275799777354	-72.87242111386261	-100.14170574971385	23.494366147436146	106.91256803521766	44.10626793085325	-70.73244504245406	-95.5218636296255	-10.698126562133098	81.86207915409776	85.55185572251239	4.112142650606188	-77.99105529455734	5.959595959595959
0.00466597305549923	-0.10844852525963361	1.1495218044874498	-7.300896395781766	30.60914689814824	-87.47080342742649	167.5466255534895	-194.11506061348118	77.65842039490789	110.05391760126614	-127.58751091608084	-62.44057614434483	123.42002546579667	64.82976407880064	-101.8348103758786	-92.80690148165421	56.273280503126934	116.33693769646543	16.38098067338555	-99.214909295383	-88.77050865009737	23.65331724595805	104.90270780959436	72.05012717919182	-32.21150216655185	-101.06727029817307	6.0606060606060606
0.004217684572331505	-0.0997333291295763	1.0773281492526323	-6.988740912891292	30.02364624871984	-88.36179118739814	175.95130471558684	-217.0057003921459	107.70983548812842	101.38290600007444	-154.18435138784247	-41.05466123880859	146.9685761307123	41.893424798973996	-129.42813095387143	-76.6651927356879	90.8954344922673	116.82007701630106	-18.65119938764157	-122.79840196392031	-70.41092077907929	62.11907414489313	119.03336180944751	45.918700289178524	-71.30508463811445	-113.5431882624574	6.161616161616162
0.0038124658972725034	-0.09169173031723062	1.009018248276184	-6.68264734082631	29.399526207875226	-89.02933090373034	183.98490541109544	-240.41929235010255	141.05512176573603	87.53215206957304	-179.91098240701524	-13.326470710435416	167.19556683119356	11.651802152168829	-153.6305170969535	-51.32587876620525	124.9434187472734	106.73241979784507	-59.00580260986743	-138.22489982309042	-40.35286461945819	100.99477076267173	120.9188765790272	8.277633079701218	-108.31017899337297	-111.70549114774036	6.262626262626263
0.003446179051230249	-0.08427474225281245	0.9444524257673246	-6.38326519600261	28.74172510768655	-89.47979228849364	191.61351655981403	-264.2257854240771	177.6332335075362	67.99978182947396	-203.76067842853396	20.696671419471286	182.5472118297491	-25.487389416216452	-172.32166825798572	-16.94234601190371	155.67950088546314	85.04412551651602	-101.93148225427991	-142.5073449692044	0.31856995787745745	135.95710543732474	108.1245111121239	-38.161460975201365	-137.87790743367452	-93.2209175558856	6.363636363636363
0.0031150836159963	-0.07743657352491812	0.8834877404490205	-6.091143914038025	28.054974314635434	-89.72052351751006	198.80753839816958	-288.29438010312975	217.3520637638042	42.324791381394476	-224.6456789510267	60.7465822845393	191.45442894877394	-68.71838866719384	-183.38169406671355	25.731972954870535	180.18900878983507	51.476045189482164	-144.03607233266615	-133.2281235037682	49.29397140370837	162.4258526559018	79.50160946223858	-89.19980551322443	-154.7644603050067	-57.62692551892894	6.4646464646464645
0.002815798538147474	-0.07113446610006902	0.8259793503696079	-5.806740431785221	27.34378317261274	-89.75970955759237	205.5416640927252	-312.49485927350406	260.09014504254856	10.093451785183106	-241.41162733985598	106.32042293547632	192.38700805129992	-116.82753570610596	-184.7983329499053	75.31489310386434	195.54811192949606	6.61426023793986	-181.4737021725723	-108.82145515866728	103.09503981390358	175.98948739906038	35.482090379769275	-139.4316319282747	-154.4805808684691	-6.644941443775082	6.565656565656566
0.0025452676026796158	-0.06532853513544347	0.7717816986347413	-5.5304265778272805	26.612427733674743	-89.60623673005561	211.79481723930516	-336.69882122240534	305.6986491982825	-29.055152496758012	-252.8531673642731	156.6714672756177	183.9102328608116	-168.19805092887938	-174.77850315477454	129.7970803762114	199.00822264282505	-48.0216397616563	-210.18445090417563	-68.8166566824562	157.23829007145218	172.86104561936213	-21.754864229587042	-182.68618178993026	-133.92738135200332	55.736940510543405	6.666666666666667
0.0023007282237999184	-0.05998161157199585	0.7207495367773228	-5.26249622480537	25.86494289460961	-89.269564309967	217.550050647013	-360.78080714454353	354.0036356557443	-75.42449549977391	-257.730371176716	210.80459469419876	164.74252739872193	-220.82989635854398	-151.85990150623763	186.57575432003404	188.18808217629805	-109.96410612326022	-226.17416700868066	-14.020823528911976	206.50253310893092	150.3262259473119	-88.27103214626102	-212.6006157983569	-91.94775874289641	123.44261773982541	6.767676767676767
0.002079683234178116	-0.055059088452331734	0.672738801413213	-5.003172167107196	25.105117572491316	-88.75960376143873	222.79441167764875	-384.61931789289474	404.80849785999294	-129.25691639690234	-254.7856754911643	267.4765520870244	133.81270036643613	-272.37471287425166	-115.0182784029679	242.52093737701324	161.26385768496525	-175.84185065449375	-225.8188839626231	53.37744300348447	245.28736525286354	107.14403315376867	-158.52711359199304	-223.27810552965133	-29.726574217107697	188.7521006391091	6.8686868686868685
0.0018798753845763558	-0.050528771700582654	0.6276073587649597	-4.752612696316223	24.336492570031417	-88.08660603161111	227.51877921996063	-408.09771689498564	457.896559396053	-190.73086721517444	-242.7610122623686	325.2009255222183	90.31540010647134	-320.18538348930826	-63.76608338633391	294.07333754902237	117.14728227989505	-241.4845481650295	-206.17591612424758	129.79724219558054	268.04225347830493	43.86163911547314	-225.71118972705818	-209.97413991254464	49.01655393689583	242.98673564212334	6.96969696969697
0.001699264293455104	-0.04636073592547713	0.5852156305879658	-4.510917854518575	23.562360800974776	-87.26105716903332	231.71767713759849	-431.10501811079473	513.0337734335093	-259.95909156170654	-220.41483533742266	382.25766476067145	33.763465498840105	-361.3793566610728	1.761614862156609	337.37162490738046	55.642025902640626	-302.08664750847146	-165.28235139577873	210.35605348513505	269.7393311733273	-36.99046077602131	-282.2236780808129	-169.7474587850553	138.0813442177203	277.38375719750934	7.070707070707071
0.0015360056111709732	-0.042527185658784224	0.5454271140140523	-4.278135352197015	22.78576956642631	-86.29358239493912	235.38906875110672	-453.53655963618326	569.9714818971104	-336.98770967800186	-186.53876443345615	436.7069167264297	-35.964040108540615	-392.9144851836684	80.73769022032067	368.4056194352824	-22.43092369097007	-352.4257311952059	-102.42134535639786	289.0642667525473	246.3581651362299	-130.84975703173617	-320.29051011579065	-102.01071718132648	229.1060863989522	284.08476920045433	7.171717171717172
0.0013884321859971174	-0.039002322315737206	0.5081088068441186	-4.054266143113491	22.009524594334597	-85.19485863729003	238.53413660806535	-475.2945650593042	628.4491939246717	-421.79617239154106	-139.97359148255856	486.40684797534897	-118.57919882544536	-411.6758040951121	171.59330471575495	383.19079106625156	-115.14709469152432	-387.12783047805254	-18.337385221001895	359.1194158872117	195.34786292225215	-231.23680282411922	-332.66358333525	-8.920240317122108	312.1462092475197	257.1453209779166	7.2727272727272725
0.0012550370396388834	-0.03576221705880091	0.4731315488803562	-3.839269653391317	21.236195575972214	-83.97553543617103	241.15705147057727	-496.2885959630117	688.1973466386512	-514.2980356782338	-79.62442099530642	529.0350719729147	-213.3489535477234	-414.5713917444334	271.9907914695491	377.9585186368867	-219.43845079254058	-400.9693618216519	84.61650420372925	413.2894552841863	116.03117829050738	-330.04021615671047	-313.35747872703706	104.44614007172311	376.4815403222894	193.46336385936436	7.373737373737374
0.0011344579783954985	-0.03278468965848001	0.4403702889932885	-3.633068666047398	20.46812295479405	-82.64616404386692	243.2647341135555	-516.4359000431767	748.9400149280199	-614.3424985733843	-4.4747447880646405	562.1132449457625	-319.06595052504497	-398.6352362011803	378.8212057110185	349.35579129060955	-331.1046144129962	-389.2030243785593	202.41388257345687	444.3682875554135	9.916825235734933	-417.9656654284011	-258.3648061183329	230.15978662984185	411.5981406968713	93.52421455566844	7.474747474747475
0.001025463682821276	-0.03004919337236891	0.4097042867722922	-3.435553865578663	19.707425744238904	-81.21713447238524	244.8666131874242	-535.6616601925842	810.3975407233336	-721.7166400225631	86.40071858662418	583.0343542736974	-434.02712178511536	-361.1348670862214	488.2279994766507	294.6474840734106	-444.87872652888956	-347.8931876146737	329.38303283237815	445.6813456125546	-119.11002332590598	-485.13062963684104	-166.2899278966715	357.7789487305151	408.2705252829387	-38.13092520605426	7.575757575757576
0.0009269411338379001	-0.02753670580421479	0.38101725681167276	-3.246588049954453	18.9560101716415	-79.69862018399114	245.97438206061304	-553.8991505959076	872.2890560715043	-836.1482848676458	193.82455878978885	589.0921956124722	-556.0204459380441	-299.68141136955876	595.6575699097336	211.9140113423997	-554.5492329463541	-274.2450801219154	458.3345678994949	411.61465634164733	-264.7432774557866	-521.7750934506532	-38.84252291040619	474.9512444520413	359.6552112660512	-192.78730069302276	7.6767676767676765
0.0008378842468967682	-0.025229625656558244	0.3541974629381758	-3.06601001957975	18.215578965263198	-78.10053007516679	246.6017572253397	-571.089806407482	934.3348781095624	-957.3094254145151	318.5066915923064	577.5125187111764	-682.3201512366131	-212.3396897674644	695.9367160006343	100.23706153102565	-653.1367619556712	-166.91151512231443	580.7902564810906	338.13771370358324	-418.3742010295116	-519.0481077157224	118.86149731815857	568.2570651810767	262.29828877794046	-357.83778482606283	7.777777777777778
0.0007573835981266704	-0.023111675251925975	0.32913776898976	-2.8936381545395244	17.487641120397647	-76.43246737003778	246.7642405285352	-587.1832139552707	996.2587577406474	-1084.8201228066623	461.0359383944825	545.4853165380526	-809.6904534959342	-97.73598565837528	783.376334226956	-40.13375831650097	-733.1231279374294	-26.260978391838712	687.3098691209368	223.28884764855144	-569.3802160145987	-469.82200153046654	298.2340924491324	624.2489384070917	116.95900423880352	-517.4785621486387	7.878787878787879
0.0006846171375531018	-0.021167808667172168	0.3057356521085665	-2.7292736927718173	16.773521998464215	-74.70369501450034	246.47888718146538	-602.1370286468565	1057.789967382234	-1218.2528115996065	621.8732172710369	490.1977370189344	-934.3977570672376	44.83881275257488	851.9000083225332	-207.64019991938116	-786.7274331857942	145.40834303114667	767.9078645769872	67.59170047885226	-705.582278400827	-369.480536426393	487.41295148556765	630.6229163418946	-70.84144631068563	-653.7991656322064	7.97979797979798
0.0006188417945552258	-0.01938412530217935	0.28389318391194795	-2.5727037228013057	16.07437362990158	-72.92310714588572	245.76408120902943	-615.9168278617854	1118.6652165468495	-1357.1369313524542	801.3463681925703	408.8671104637817	-1052.231092525067	215.3328786710964	895.1955187735161	-399.3068656664152	-806.222314379022	343.72262635306436	812.5469422466083	-125.6270525789374	-813.85872733361	-216.62485939070456	671.7354535126725	577.4426604792966	-290.6218190117582	-748.2102563584733	8.080808080808081
0.0005593858898377755	-0.01774778868667124	0.2635169843524219	-2.4237039053449063	15.391185107476787	-71.09920620393208	244.6393197246749	-628.4959061142199	1178.6303871985558	-1500.9638105787756	999.6466096794368	298.77360756213193	-1158.5304225784846	412.84594210468373	906.8867277670665	-610.6704904398243	-784.2816520636893	562.1666382952835	811.6910853196565	-350.04551852843196	-880.8935345921363	-13.641980829564488	834.4829035414988	458.3262898769049	-527.1475268383527	-783.1183557511565	8.181818181818182
0.0005056422764310814	-0.01624695031643707	0.24451815256851062	-2.2820409385206983	14.724792971313633	-69.24008524608904	243.12500716057377	-639.8550196751033	1237.4420837809757	-1649.1917308816342	1216.826600863188	157.29207156669372	-1248.2223199675132	635.5524371038193	880.7227968803545	-835.7517183501402	-714.3495838355095	792.1077043710538	756.8968994970862	-596.3021885602518	-894.0275957108715	232.91526517100982	957.8703331290076	271.50118308481547	-761.0688653869103	-743.72767617469	8.282828282828282
0.0004570621396770525	-0.014870678302018043	0.22681217856147734	-2.1474747815904847	14.0758915005188	-67.35341503282895	241.24226034593363	-649.9820876677961	1294.8689955185278	-1801.2511023916227	1452.8000619540776	-18.07739716924175	-1315.862409276491	880.6368948529092	810.7812768896189	-1067.073083898701	-591.0194773500695	1022.9161005318456	641.4189758458385	-852.1157801343043	-842.173601322566	512.1803527121433	1024.2387087423751	20.633344846529496	-969.986233638874	-619.8277782046345	8.383838383838384
0.00041314939288831305	-0.013608890608169584	0.21031883910569438	-2.019760652179787	13.445042838760354	-65.44643545583054	239.01272510943565	-658.8718564085088	1350.6930710418121	-1956.5496855909983	1707.3428875664963	-229.6804869032078	-1355.6838697337882	1144.24292397468	691.6812781939253	-1295.7258166099232	-410.41066002808816	1242.1853148501073	460.8028052112984	-1102.5789373119976	-716.7485475736178	809.0904574910035	1017.3895182621586	-284.6541475267202	-1129.9047751830742	-407.4140465755462	8.484848484848484
0.0003734556114505303	-0.012452292660587885	0.1949620809104576	-1.8986508117780572	12.832686892557565	-63.52595089285419	236.45840488479806	-666.5255334649681	1404.7105075760721	-2114.4777991064666	1980.095671305498	-479.6816902471637	-1361.6512187745136	1421.436849557153	518.8026904291115	-1511.4869338203462	-170.53018951559068	1436.0521796654793	213.4375424427581	-1330.6278099422855	-512.573453393041	1104.7893977391589	923.9874763391143	-628.6449366438835	-1217.0082446291874	-109.98731050144784	8.585858585858587
0.00033757545363643436	-0.011392319096962901	0.18066989369618378	-1.7838961540540827	12.239150951411109	-61.59832908715454	233.60150162113104	-672.9503975649716	1456.7325588586814	-2274.413457960994	2270.5675464829337	-770.039584372717	-1327.5185366114856	1706.186801915207	288.5072724026105	-1702.9868992939814	128.39320714658487	1589.61332361575	-98.95927864046497	-1517.6814789048858	-228.6876260082032	1377.3216391210178	734.9464433576336	-989.8269169949842	-1209.6519788889932	260.610025279884	8.686868686868687
0.00030514252137014617	-0.010421079441944082	0.167374175525719	-1.6752476101507283	11.664658988280152	-59.66950316573257	230.46426914152846	-678.1593901110053	1506.5861676216873	-2435.7273919733507	2578.141236782287	-1102.4846232124573	-1246.8912501105422	1991.357761256794	-1.64262225249945	-1857.9269361280433	483.6156974706988	1687.4308516135245	-470.9521221197466	-1644.4370100601884	130.97497013854093	1602.606920456656	446.70735274416694	-1341.6505067321186	-1090.4497839205571	683.9413940365371	8.787878787878787
0.00027582561867312385	-0.009531307489704613	0.1550105924397441	-1.5724573846709238	11.10934060734873	-57.744976429070974	227.06887895359245	-682.1706936572926	1554.1144298961503	-2597.78789937447	2902.0792020578647	-1478.4996416755357	-1113.2905693925281	2268.722781138872	-352.6718851489477	-1963.3439199978516	889.6375362154158	1714.1167395211505	-893.1180662874345	-1691.7979337085558	557.0969632788116	1755.668673376729	62.31553058861323	-1653.7467498964263	-848.3112503295132	1131.3939408344754	8.88888888888889
0.0002493253695840208	-0.008716314183134302	0.14351843418170915	-1.4752800355511042	10.573239613568303	-55.8298295647183	223.43729839343874	-685.0073022898175	1599.1768995766645	-2759.9654961749316	3241.530758136264	-1899.3032245974514	-920.2196619965166	2528.9903372867075	-763.991142989749	-2005.9196700063565	1338.0261397177387	1654.982233127018	-1351.9199244062966	-1641.9064814705978	1034.7209731745422	1812.0734001567484	-407.7914340315058	-1893.5745274482194	-480.2760367050359	1567.311803567987	8.98989898989899
0.00022537116101560133	-0.007969943785006267	0.13284046756027856	-1.3834734104553323	10.056322185172347	-53.928729957760766	219.59118087925415	-686.6965884254041	1641.6497426394023	-2921.6373272803758	3595.5400453568272	-2365.8360468137403	-661.2306561102741	2761.8474838685174	-1233.2097858096636	-1972.3304234252662	1817.313122958439	1496.7356629592755	-1829.7403481697843	-1479.243271306818	1543.2621722708511	1749.5233353823087	-945.3651169903229	-2028.4360999075072	7.008904959747838	1950.8413387817702	9.090909090909092
0.00020371837933004093	-0.007286533143511869	0.12292278878387124	-1.2967994517268004	9.558484636288059	-52.045942792468814	215.55176796064876	-687.2698701193075	1681.425751149467	-3082.1913107351465	3963.054718493886	-2878.7502460433075	-329.99158508654364	2956.018250913188	-1755.9671562962994	-1849.6313485345618	2312.973943884621	1228.2096108198348	-2305.0908133845614	-1191.752586490585	2056.8174234151215	1549.531804551368	-1524.3628557721963	-2027.7716283562668	596.313789170199	2238.432883902869	9.191919191919192
0.00018414591241328133	-0.006660873862141014	0.11371467591057643	-1.2150248813147542	9.079560761974063	-50.18534366089902	211.339802774768	-686.7619825475407	1718.4142277385574	-3241.0299917129596	4342.935230481373	-3438.40184775468	79.64758114949518	3099.336487837932	-2325.785194943865	-1625.6701342988467	2807.49713797237	841.0963605150237	-2753.0041530405324	-771.947179072878	2544.7870567964897	1199.1003891727603	-2111.4469084147013	-1865.6179190336698	1259.477430656782	2386.8914128982187	9.292929292929292
0.00016645389174033836	-0.0060881771918360125	0.10516844238571908	-1.1379217764645138	8.619328762549305	-48.350432415701086	206.9754544583294	-685.2108569151358	1752.540751598114	-3397.5740879108544	4733.964583832468	-4044.846221338232	573.5906276073338	3178.832151964794	-2933.9454551499125	-1289.5230109097158	3280.548283459498	330.6690890515963	-3145.6135683336097	-217.9438295028858	2972.8126475129357	692.309894142664	-2666.9913136018286	-1523.0959881159708	1957.7822660602542	2356.8193174455328	9.393939393939394
0.00015046165137416325	-0.0055640414715233495	0.09723929248686523	-1.0652680463240856	8.177517747998412	-46.54434802558203	202.47825301527	-682.6571096386248	1783.7468372326884	-3551.265712792933	5134.858426629895	-4697.836510100871	1157.4332642084482	3180.8298597451276	-3569.3929787728907	-831.9460117694593	3709.2318608651763	-303.53465523690306	-3452.9149823463554	465.62015359902045	3304.0205642964625	31.733643385561322	-3146.5964795269615	-990.7775268181778	2643.112732506001	2116.251876720823	9.494949494949495
0.0001360058830559261	-0.005084421951413964	0.08988517936050797	-0.9968478189902317	7.753813826597421	-44.769884212629826	197.8670341014709	-679.143644263628	1811.989497270176	-3701.571267636553	5544.275374269512	-5396.824944130065	1836.404467449991	3091.058363834716	-4218.669066125442	-245.833892151099	4068.452107549707	-1057.0909614715697	-3643.703380983828	1266.8386265481768	3500.5470787121308	-770.4178870509604	-3503.0846423438056	-270.77307103127	3259.9134263582378	1644.2528597465885	9.595959595959595
0.0001229389685470284	-0.004645602841761952	0.08306666621452748	-0.9324517478953722	7.347865784750055	-43.029505670831	193.15989315994076	-674.7152682090262	1837.2407205459822	-3847.9839975265263	5960.827443583834	-6140.966915151397	2615.311618113501	2894.7694922105134	-4865.874494893034	473.3211241397844	4331.371867553271	-1920.152549462533	-3686.6675909336163	2166.0031933745263	3525.306972528786	-1691.507501634323	-3688.921865963663	621.6145766323685	3747.9157153204446	934.2167895395804	9.696969696969697
0.00011112747219318698	-0.004244171438004444	0.07674679112435756	-0.8718772458290418	6.959290367407126	-41.32536468450829	188.37414832086884	-669.4183260799639	1859.486876483777	-3990.026210302499	6383.090492371363	-6929.127666263867	3498.48998554593	2576.8649866584637	-5492.664249851643	1326.9786913075259	4469.966346199044	-2877.019380422539	-3551.621951614836	3135.3272192521977	3343.9543807180376	-2698.114506960472	-3658.9854575926993	1656.8189539060631	4045.551741712106	-3.382259910444418	9.797979797979798
0.00010045077831707595	-0.003876994181308558	0.07089093581731068	-0.8149286542976095	6.587677170405669	-39.65931798395338	183.5263114700694	-663.3003509642489	1878.7280565015	-4127.251160976623	6809.614564533837	-7759.891426942093	4489.757031724337	2122.0296071216308	-6078.274328939318	2313.1156468597756	4455.666643306324	-3905.83808835705	-3210.8477163199123	4138.964027935396	2926.972564014932	-3746.1758484434868	-3373.570808775252	2790.650248228	4093.9256580523447	-1139.046546320402	9.8989898989899
9.079985952496971E-05	-0.0035411945214738187	0.06546669871750316	-0.7614173553565543	6.2325931576534455	-38.03294369316612	178.63206688559168	-656.4097348217113	1894.977362792955	-4259.24460729603	7238.934048808005	-8631.57280494471	5592.371928931001	1514.8688250285786	-6599.5807001053245	3425.814943383898	4260.086000695299	-4978.449476412321	-2640.5119238754705	5133.348755107799	2251.818889926307	-4781.67410534427	-2801.50995474933	3964.751327992491	3841.1661772992516	-2423.3414510450607	10
